{
    "MSFE": 0.0009922951359748484,
    "RMSE": 0.031500716435897906,
    "MAE": 0.023444853863272688
}