{
    "MSFE": 0.0012896838698417867,
    "RMSE": 0.03591216882676103,
    "MAE": 0.02659728145009134
}