{
    "oos_mse_from_bvd": 0.000987332000023891,
    "bias_squared": 0.000986402094769429,
    "variance": 9.299052544619924e-07,
    "bias_plain": 0.03140703893666878
}