{
    "MSFE": 0.14083223482695623,
    "RMSE": 0.3752762113789738,
    "MAE": 0.280744331105204
}