{
    "MSFE": 0.0009752985825950213,
    "RMSE": 0.03122977077397497,
    "MAE": 0.023452307071638843
}