{
    "MSFE": 0.00093253853748309,
    "RMSE": 0.030537493962063914,
    "MAE": 0.02281455240007746
}