{
    "MSFE": 0.001293085063962791,
    "RMSE": 0.03595949198699547,
    "MAE": 0.026645013834907624
}