{
    "MSFE": 0.002094677824279927,
    "RMSE": 0.04576765041249034,
    "MAE": 0.03821791072438759
}