{
    "avg_mse": 0.009413401548732709,
    "avg_bias_squared": 0.0077600934006276665,
    "avg_variance": 0.0016533081481050428
}