{
    "MSFE": 0.0010185955516824193,
    "RMSE": 0.03191544378012656,
    "MAE": 0.024417303379451253
}