{
    "MSFE": 0.006563259834912164,
    "RMSE": 0.08101394839724925,
    "MAE": 0.07375368512534959
}