{
    "avg_mse": 0.002879781632973766,
    "avg_bias_squared": 0.002419175741032948,
    "avg_variance": 0.0004606058919408178
}