{
    "MSFE": 0.000960972900181305,
    "RMSE": 0.03099956290306857,
    "MAE": 0.02257947435619864
}