{
    "oos_mse_from_bvd": 0.0009902527786970917,
    "bias_squared": 0.0009872463748103553,
    "variance": 3.0064038867361547e-06,
    "bias_plain": 0.031420476998453656
}