{
    "oos_mse_from_bvd": 0.001457026674207278,
    "bias_squared": 0.0013268211961442128,
    "variance": 0.0001302054780630656,
    "bias_plain": 0.03642555690918414
}