{
    "MSFE": 0.0012995688924526782,
    "RMSE": 0.036049533872890484,
    "MAE": 0.027154279831062337
}