{
    "oos_mse_from_bvd": 0.000987544157374614,
    "bias_squared": 0.0009866124257270027,
    "variance": 9.317316476114963e-07,
    "bias_plain": 0.03141038722663257
}