{
    "MSFE": 0.0009840101535821704,
    "RMSE": 0.0313689361244874,
    "MAE": 0.02311215788012171
}