{
    "MSFE": 0.0009852989814963331,
    "RMSE": 0.03138947246285501,
    "MAE": 0.023089395433657556
}