{
    "oos_mse_from_bvd": 0.0009905423635368062,
    "bias_squared": 0.000987570095547902,
    "variance": 2.9722679889042943e-06,
    "bias_plain": 0.03142562800562468
}