{
    "MSFE": 0.001003208379899302,
    "RMSE": 0.03167346491780307,
    "MAE": 0.023911880891538086
}