{
    "oos_mse_from_bvd": 0.002879781632973766,
    "bias_squared": 0.002419175741032948,
    "variance": 0.0004606058919408178,
    "bias_plain": 0.049185117068407475
}