{
    "MSFE": 0.0013243262725553793,
    "RMSE": 0.03639129391153026,
    "MAE": 0.027148483821584135
}