{
    "oos_mse_from_bvd": 0.000990031210081827,
    "bias_squared": 0.0009874284912195735,
    "variance": 2.6027188622537314e-06,
    "bias_plain": 0.03142337491771967
}