{
    "MSFE": 0.000982197933162195,
    "RMSE": 0.03134003722336965,
    "MAE": 0.023241745125712802
}