{
    "oos_mse_from_bvd": 0.12104540168591578,
    "bias_squared": 0.04390021155812483,
    "variance": 0.07714519012779095,
    "bias_plain": 0.20952377325288132
}