{
    "MSFE": 0.001290058876577373,
    "RMSE": 0.0359173896125174,
    "MAE": 0.0265958619001356
}