{
    "MSFE": 0.0009822196172302677,
    "RMSE": 0.031340383169806134,
    "MAE": 0.023187170686629174
}