{
    "MSFE": 0.000943064086478196,
    "RMSE": 0.030709348519273344,
    "MAE": 0.021979588874510018
}