{
    "oos_mse_from_bvd": 0.0009873405890307423,
    "bias_squared": 0.0009863972030498866,
    "variance": 9.433859808556726e-07,
    "bias_plain": 0.03140696106040644
}