{
    "MSFE": 0.004885869518472406,
    "RMSE": 0.06989899511775835,
    "MAE": 0.06308124211117916
}