{
    "MSFE": 0.0009735659670660823,
    "RMSE": 0.031202018637679234,
    "MAE": 0.023340934696513434
}