{
    "MSFE": 0.000995478980336588,
    "RMSE": 0.03155121202642757,
    "MAE": 0.02351237394857653
}