{
    "MSFE": 0.005201279884105702,
    "RMSE": 0.07211989936283676,
    "MAE": 0.065073001298588
}