{
    "MSFE": 0.04120411893444647,
    "RMSE": 0.20298797731502835,
    "MAE": 0.12856523763907393
}