{
    "oos_mse_from_bvd": 0.0009876337761639928,
    "bias_squared": 0.0009864279780280709,
    "variance": 1.2057981359218616e-06,
    "bias_plain": 0.031407450995393923
}