{
    "MSFE": 0.0009823199387544853,
    "RMSE": 0.031341983644218904,
    "MAE": 0.02309734428903405
}