{
    "MSFE": 0.0030743477484559164,
    "RMSE": 0.055446801066030095,
    "MAE": 0.04886065251490215
}