{
    "MSFE": 0.0010214783574770876,
    "RMSE": 0.03196057504922412,
    "MAE": 0.024001548881399597
}