{
    "MSFE": 0.0009884219341231696,
    "RMSE": 0.0314391783309165,
    "MAE": 0.02338278766895873
}