{
    "MSFE": 0.0010021734320407824,
    "RMSE": 0.031657122927404226,
    "MAE": 0.02388385141079277
}