{
    "MSFE": 0.001288442805918134,
    "RMSE": 0.03589488551197975,
    "MAE": 0.02658436537709521
}