{
    "oos_mse_from_bvd": 0.0009873357038162633,
    "bias_squared": 0.0009864046683534355,
    "variance": 9.310354628277241e-07,
    "bias_plain": 0.031407079908094535
}