{
    "MSFE": 0.0009839042507512777,
    "RMSE": 0.03136724805830562,
    "MAE": 0.023095947911259396
}