{
    "MSFE": 0.0012936350592252191,
    "RMSE": 0.03596713860213541,
    "MAE": 0.026651457504276683
}