{
    "MSFE": 0.0009683833237472157,
    "RMSE": 0.031118858008404096,
    "MAE": 0.02287919802876923
}