{
    "oos_mse_from_bvd": 0.006408612009906045,
    "bias_squared": 0.004609768338094672,
    "variance": 0.0017988436718113729,
    "bias_plain": 0.067895274784735
}