{
    "MSFE": 0.007099083635977598,
    "RMSE": 0.08425605993623009,
    "MAE": 0.07559880393457487
}