{
    "MSFE": 0.0010004060390386043,
    "RMSE": 0.03162919599102393,
    "MAE": 0.023806774936238864
}