{
    "MSFE": 0.001282160349044639,
    "RMSE": 0.03580726670725705,
    "MAE": 0.026508708312860275
}