{
    "MSFE": 0.0012933691430810803,
    "RMSE": 0.03596344175800031,
    "MAE": 0.02664702974914342
}