{
    "MSFE": 0.0010381035616115937,
    "RMSE": 0.03221961454784327,
    "MAE": 0.024481592646471248
}