{
    "oos_mse_from_bvd": 0.0009965460640121533,
    "bias_squared": 0.0009872202822989729,
    "variance": 9.325781713180438e-06,
    "bias_plain": 0.03142006178063584
}