{
    "MSFE": 0.0010280297950561494,
    "RMSE": 0.032062903721530735,
    "MAE": 0.024700560664351424
}