{
    "MSFE": 0.0012928308186108833,
    "RMSE": 0.0359559566499194,
    "MAE": 0.026639750794296663
}