{
    "MSFE": 0.0012844016784931648,
    "RMSE": 0.03583855017286783,
    "MAE": 0.0265555317715671
}