{
    "oos_mse_from_bvd": 0.0009906043387964327,
    "bias_squared": 0.0009874007669437895,
    "variance": 3.2035718526431226e-06,
    "bias_plain": 0.03142293377365948
}