{
    "MSFE": 0.0010019934252678444,
    "RMSE": 0.031654279730675354,
    "MAE": 0.023885794764501835
}