{
    "MSFE": 0.0009298806786109953,
    "RMSE": 0.030493944949956792,
    "MAE": 0.022274305694463283
}