{
    "oos_mse_from_bvd": 0.0009902508353505644,
    "bias_squared": 0.000987247053448853,
    "variance": 3.003781901711333e-06,
    "bias_plain": 0.03142048779775472
}