{
    "MSFE": 0.0010023589286280075,
    "RMSE": 0.03166005256830771,
    "MAE": 0.023887321297516674
}