{
    "oos_mse_from_bvd": 0.0009905981304784818,
    "bias_squared": 0.0009873637130334272,
    "variance": 3.2344174450544295e-06,
    "bias_plain": 0.03142234416833708
}