{
    "MSFE": 0.0009728976570082701,
    "RMSE": 0.03119130739498218,
    "MAE": 0.023297417189497713
}