{
    "oos_mse_from_bvd": 0.009684606730419593,
    "bias_squared": 0.007917480008079463,
    "variance": 0.001767126722340129,
    "bias_plain": 0.08898022256703712
}