{
    "oos_mse_from_bvd": 0.0009876364521459026,
    "bias_squared": 0.000986438769277807,
    "variance": 1.1976828680956136e-06,
    "bias_plain": 0.03140762278934538
}