{
    "oos_mse_from_bvd": 0.000988088981075692,
    "bias_squared": 0.000986805239156298,
    "variance": 1.283741919394302e-06,
    "bias_plain": 0.03141345633890511
}