{
    "MSFE": 0.0009837500100155726,
    "RMSE": 0.03136478933478707,
    "MAE": 0.024124252424040007
}