{
    "MSFE": 0.0009822909832386752,
    "RMSE": 0.03134152171223783,
    "MAE": 0.023098057215009727
}