{
    "oos_mse_from_bvd": 0.15705088254007568,
    "bias_squared": 0.06396157283437152,
    "variance": 0.09308930970570413,
    "bias_plain": 0.25290625305510245
}