{
    "MSFE": 0.13900146347066625,
    "RMSE": 0.3728290003080048,
    "MAE": 0.2792685986605811
}