{
    "MSFE": 0.0012923803026450601,
    "RMSE": 0.03594969127329274,
    "MAE": 0.026632650989695163
}