{
    "oos_mse_from_bvd": 0.0009881864547966088,
    "bias_squared": 0.0009867894110933775,
    "variance": 1.3970437032315089e-06,
    "bias_plain": 0.03141320440664049
}