{
    "MSFE": 0.000977789389530995,
    "RMSE": 0.03126962407082943,
    "MAE": 0.023523156314053155
}