{
    "MSFE": 0.0009948179113574904,
    "RMSE": 0.03154073416009035,
    "MAE": 0.023502296518384515
}