{
    "MSFE": 0.0008353460982587385,
    "RMSE": 0.02890235454523971,
    "MAE": 0.02118454133809956
}