{
    "MSFE": 0.0009650878779439287,
    "RMSE": 0.031065863547371876,
    "MAE": 0.022313400026106718
}