{
    "MSFE": 0.0012859139107269948,
    "RMSE": 0.03585964180979775,
    "MAE": 0.026630931909517788
}