{
    "MSFE": 0.0009672540235279219,
    "RMSE": 0.03110070776570723,
    "MAE": 0.022853280001065502
}