{
    "MSFE": 0.00519706487833155,
    "RMSE": 0.07209067122958109,
    "MAE": 0.06531665997154709
}