{
    "MSFE": 0.0009594714761796386,
    "RMSE": 0.03097533657895647,
    "MAE": 0.02264363654527679
}