{
    "MSFE": 0.0009807361001016516,
    "RMSE": 0.031316706405713414,
    "MAE": 0.023139198119951507
}