{
    "oos_mse_from_bvd": 0.0009876593472477476,
    "bias_squared": 0.0009866310098119182,
    "variance": 1.0283374358295192e-06,
    "bias_plain": 0.03141068305229796
}