{
    "MSFE": 0.0009833135212613943,
    "RMSE": 0.03135783030219716,
    "MAE": 0.023105910301945663
}