{
    "oos_mse_from_bvd": 0.001013557467767219,
    "bias_squared": 0.0009841567909017908,
    "variance": 2.940067686542805e-05,
    "bias_plain": 0.03137127333886514
}