{
    "MSFE": 0.0010334900220060228,
    "RMSE": 0.032147939623030634,
    "MAE": 0.025078529120074446
}