{
    "MSFE": 0.0009279558652521672,
    "RMSE": 0.030462368017804643,
    "MAE": 0.022298329688092977
}