{
    "oos_mse_from_bvd": 0.0009880577579149858,
    "bias_squared": 0.0009867763340641969,
    "variance": 1.2814238507890286e-06,
    "bias_plain": 0.03141299626053199
}