{
    "oos_mse_from_bvd": 0.004765471399878365,
    "bias_squared": 0.004060838363856346,
    "variance": 0.0007046330360220193,
    "bias_plain": 0.06372470764041484
}