{
    "MSFE": 0.0038623097223240634,
    "RMSE": 0.06214748363629909,
    "MAE": 0.055586292445199796
}