{
    "MSFE": 0.0010536820123140608,
    "RMSE": 0.03246046845493855,
    "MAE": 0.024510719469038773
}