{
    "MSFE": 0.0012883435302254074,
    "RMSE": 0.03589350261851589,
    "MAE": 0.02658283316297802
}