{
    "oos_mse_from_bvd": 0.11281279295387345,
    "bias_squared": 0.036242026480522056,
    "variance": 0.07657076647335141,
    "bias_plain": 0.19037338700701328
}