{
    "oos_mse_from_bvd": 0.009234583955082162,
    "bias_squared": 0.004049126100096811,
    "variance": 0.005185457854985353,
    "bias_plain": 0.06363274393028177
}