{
    "oos_mse_from_bvd": 0.1448037468365409,
    "bias_squared": 0.05337751665072199,
    "variance": 0.09142623018581891,
    "bias_plain": 0.23103574756024658
}