{
    "MSFE": 0.0012904428219013804,
    "RMSE": 0.03592273405381863,
    "MAE": 0.02660876138672016
}