{
    "MSFE": 0.000903636487738169,
    "RMSE": 0.030060547029922276,
    "MAE": 0.02161849636769969
}