{
    "MSFE": 0.0009940365391185877,
    "RMSE": 0.03152834501077701,
    "MAE": 0.02352185097468227
}