{
    "MSFE": 0.0009935162827110218,
    "RMSE": 0.031520093316978325,
    "MAE": 0.02347073177948677
}