{
    "MSFE": 0.0009935609729354604,
    "RMSE": 0.03152080222544249,
    "MAE": 0.023470865897104336
}