{
    "oos_mse_from_bvd": 0.07826810936453123,
    "bias_squared": 0.01926984550800185,
    "variance": 0.05899826385652939,
    "bias_plain": 0.13881586907843732
}