{
    "MSFE": 0.0010019974217402193,
    "RMSE": 0.03165434285750092,
    "MAE": 0.02388948009524108
}