{
    "oos_mse_from_bvd": 0.0009879543229597127,
    "bias_squared": 0.0009864037726175486,
    "variance": 1.5505503421639537e-06,
    "bias_plain": 0.031407065647996286
}