{
    "MSFE": 0.0009828630798900564,
    "RMSE": 0.03135064720049741,
    "MAE": 0.02320794726063231
}