{
    "MSFE": 0.000994493689420013,
    "RMSE": 0.03153559400772424,
    "MAE": 0.02352522685312342
}