{
    "MSFE": 0.0009942052313433342,
    "RMSE": 0.031531020144348866,
    "MAE": 0.023491129250376067
}