{
    "oos_mse_from_bvd": 0.0009874554701742807,
    "bias_squared": 0.00098650009396618,
    "variance": 9.553762081008927e-07,
    "bias_plain": 0.03140859904494596
}