{
    "oos_mse_from_bvd": 0.10724400543073771,
    "bias_squared": 0.045389063785786096,
    "variance": 0.061854941644951617,
    "bias_plain": 0.21304709288273824
}