{
    "MSFE": 0.09014292709381984,
    "RMSE": 0.300238117323267,
    "MAE": 0.2263768939636114
}