{
    "MSFE": 0.0012842297953783517,
    "RMSE": 0.03583615207270936,
    "MAE": 0.026522829951233173
}