{
    "MSFE": 0.0009739712903816349,
    "RMSE": 0.03120851310751018,
    "MAE": 0.023305443029486412
}