{
    "MSFE": 0.0009829283417003936,
    "RMSE": 0.03135168801995187,
    "MAE": 0.023181789956486128
}