{
    "oos_mse_from_bvd": 0.0009880661745569888,
    "bias_squared": 0.0009867824143943152,
    "variance": 1.2837601626736976e-06,
    "bias_plain": 0.03141309304086936
}