{
    "MSFE": 0.0037162087941190326,
    "RMSE": 0.06096071517066571,
    "MAE": 0.042079727175800455
}