{
    "MSFE": 0.0009821134083218498,
    "RMSE": 0.0313386886822319,
    "MAE": 0.023950484108998818
}