{
    "MSFE": 0.0012852709682854278,
    "RMSE": 0.035850675980871376,
    "MAE": 0.02656543083432207
}