{
    "oos_mse_from_bvd": 0.07471113470461517,
    "bias_squared": 0.054682692684436686,
    "variance": 0.020028442020178488,
    "bias_plain": 0.23384330797445688
}