{
    "MSFE": 0.1096067939629872,
    "RMSE": 0.3310691679437806,
    "MAE": 0.1962760873170802
}