{
    "MSFE": 0.0009632999857225137,
    "RMSE": 0.031037074374407676,
    "MAE": 0.022654506772718797
}