{
    "oos_mse_from_bvd": 0.004887943311295434,
    "bias_squared": 0.004150695023743554,
    "variance": 0.0007372482875518803,
    "bias_plain": 0.06442588783822505
}