{
    "MSFE": 0.003945505592258111,
    "RMSE": 0.0628132596850228,
    "MAE": 0.05624421507783727
}