{
    "MSFE": 0.0009676368927148892,
    "RMSE": 0.031106862469797388,
    "MAE": 0.022901222970654795
}