{
    "MSFE": 0.000896652386401151,
    "RMSE": 0.029944154461282606,
    "MAE": 0.022691054457845913
}