{
    "oos_mse_from_bvd": 0.0009849916494392892,
    "bias_squared": 0.0009678942085427052,
    "variance": 1.7097440896584144e-05,
    "bias_plain": 0.031110998192644113
}