{
    "MSFE": 0.0009669712519804046,
    "RMSE": 0.03109616137050367,
    "MAE": 0.022796913598801767
}