{
    "MSFE": 0.000984805985374321,
    "RMSE": 0.03138161859073431,
    "MAE": 0.023209032010324697
}