{
    "MSFE": 0.0009935510127425762,
    "RMSE": 0.03152064423108411,
    "MAE": 0.02347018544089896
}