{
    "MSFE": 0.0012864562764176883,
    "RMSE": 0.03586720335372816,
    "MAE": 0.026551135752810918
}