{
    "oos_mse_from_bvd": 0.0009881888418245561,
    "bias_squared": 0.000986792274579457,
    "variance": 1.3965672450992921e-06,
    "bias_plain": 0.031413249984353055
}