{
    "MSFE": 0.0009941594084338535,
    "RMSE": 0.03153029350376957,
    "MAE": 0.02348957977990485
}