{
    "oos_mse_from_bvd": 0.13575029695864171,
    "bias_squared": 0.11480454396428826,
    "variance": 0.020945752994353462,
    "bias_plain": 0.3388281923988738
}