{
    "MSFE": 0.14083231221874198,
    "RMSE": 0.37527631449205795,
    "MAE": 0.28074436782592266
}