{
    "oos_mse_from_bvd": 0.1673435247836411,
    "bias_squared": 0.07071157630955426,
    "variance": 0.09663194847408683,
    "bias_plain": 0.26591648371162374
}