{
    "MSFE": 0.0009041461303163036,
    "RMSE": 0.030069022769559764,
    "MAE": 0.021698455223455086
}