{
    "MSFE": 0.0009823864295175333,
    "RMSE": 0.03134304435624487,
    "MAE": 0.023883489857571008
}