{
    "MSFE": 0.0009336816927087246,
    "RMSE": 0.030556205469736007,
    "MAE": 0.022813483802154724
}