{
    "oos_mse_from_bvd": 0.13202327726939328,
    "bias_squared": 0.051132661751456226,
    "variance": 0.08089061551793707,
    "bias_plain": 0.2261253231096779
}