{
    "oos_mse_from_bvd": 0.0009905277148764076,
    "bias_squared": 0.000987362749000372,
    "variance": 3.1649658760352684e-06,
    "bias_plain": 0.031422328828404365
}