{
    "MSFE": 0.0010013171229662,
    "RMSE": 0.03164359529140455,
    "MAE": 0.023866846639285424
}