{
    "MSFE": 0.000984804115129724,
    "RMSE": 0.03138158879231139,
    "MAE": 0.023125466793124837
}