{
    "MSFE": 0.0010341887296010173,
    "RMSE": 0.03215880485343038,
    "MAE": 0.02396191733173204
}