{
    "MSFE": 0.0009817068519842973,
    "RMSE": 0.031332201518314944,
    "MAE": 0.023129028464361358
}