{
    "MSFE": 0.0012527266981693672,
    "RMSE": 0.035393879388523765,
    "MAE": 0.027924323724173163
}