{
    "MSFE": 0.0009754985355369401,
    "RMSE": 0.031232971929307976,
    "MAE": 0.02339148512690081
}