{
    "oos_mse_from_bvd": 0.0009873153321018247,
    "bias_squared": 0.0009864010630908121,
    "variance": 9.142690110128489e-07,
    "bias_plain": 0.031407022512342876
}