{
    "MSFE": 0.0009221054160719167,
    "RMSE": 0.03036618869848366,
    "MAE": 0.022632338997938654
}