{
    "oos_mse_from_bvd": 0.0030683525253186964,
    "bias_squared": 0.0016876831461112435,
    "variance": 0.0013806693792074525,
    "bias_plain": 0.041081420935883455
}