{
    "MSFE": 0.001681556700360929,
    "RMSE": 0.04100678846680058,
    "MAE": 0.03569023990957519
}