{
    "MSFE": 0.0009686352911691593,
    "RMSE": 0.03112290621341714,
    "MAE": 0.02289229953989959
}