{
    "MSFE": 0.004718097092005891,
    "RMSE": 0.06868840580480734,
    "MAE": 0.06168021418518841
}