{
    "MSFE": 0.0013393615439988103,
    "RMSE": 0.036597288752021104,
    "MAE": 0.027447960934775868
}