{
    "MSFE": 0.0009934809983489262,
    "RMSE": 0.03151953359980008,
    "MAE": 0.02346942825900205
}