{
    "MSFE": 0.0013168204717523362,
    "RMSE": 0.036288021050373306,
    "MAE": 0.02701078506677462
}