{
    "MSFE": 0.0009677804882794987,
    "RMSE": 0.031109170485236322,
    "MAE": 0.022871101814931
}