{
    "MSFE": 0.0012937551529604097,
    "RMSE": 0.035968808055875434,
    "MAE": 0.026654643847070954
}