{
    "oos_mse_from_bvd": 0.12913578143432033,
    "bias_squared": 0.05267793057950924,
    "variance": 0.0764578508548111,
    "bias_plain": 0.2295167326787074
}