{
    "MSFE": 0.13905391878932538,
    "RMSE": 0.372899341363491,
    "MAE": 0.27931114198210377
}