{
    "mse": 0.1096067939629872,
    "mae": 0.1962760873170802
}