{
    "MSFE": 0.0009826578539531392,
    "RMSE": 0.031347373956252526,
    "MAE": 0.023976763174200284
}