{
    "MSFE": 0.005133358405369967,
    "RMSE": 0.07164745916897519,
    "MAE": 0.06460612926236747
}