{
    "MSFE": 0.0009107326344498382,
    "RMSE": 0.030178347112620966,
    "MAE": 0.022955288468613347
}