{
    "MSFE": 0.0009822831867317464,
    "RMSE": 0.03134139733215075,
    "MAE": 0.0230982196962382
}