{
    "MSFE": 0.0009818563423942032,
    "RMSE": 0.03133458699894101,
    "MAE": 0.0236365644417818
}