{
    "MSFE": 0.001374199234256241,
    "RMSE": 0.037070193339882124,
    "MAE": 0.028762733699216374
}