{
    "oos_mse_from_bvd": 0.0009876820632286894,
    "bias_squared": 0.0009864824630723395,
    "variance": 1.199600156349697e-06,
    "bias_plain": 0.03140831837383752
}