{
    "oos_mse_from_bvd": 0.0009903647766290762,
    "bias_squared": 0.0009875166841744893,
    "variance": 2.8480924545867866e-06,
    "bias_plain": 0.031424778188150974
}