{
    "MSFE": 0.0010020325529621482,
    "RMSE": 0.03165489777210074,
    "MAE": 0.023893657672161565
}