{
    "oos_mse_from_bvd": 0.0009881050076286874,
    "bias_squared": 0.0009868199844770666,
    "variance": 1.2850231516208699e-06,
    "bias_plain": 0.031413691035551146
}