{
    "MSFE": 0.000987889678893971,
    "RMSE": 0.03143071235104243,
    "MAE": 0.023345273450083727
}