{
    "oos_mse_from_bvd": 0.000988128684552092,
    "bias_squared": 0.0009868318006458123,
    "variance": 1.2968839062796387e-06,
    "bias_plain": 0.03141387910853755
}