{
    "MSFE": 0.0009934792879040188,
    "RMSE": 0.03151950646669485,
    "MAE": 0.023469455255596943
}