{
    "oos_mse_from_bvd": 0.06930157836308119,
    "bias_squared": 0.04656560616624055,
    "variance": 0.02273597219684064,
    "bias_plain": 0.21579065356553456
}