{
    "MSFE": 0.002340257553446559,
    "RMSE": 0.048376208547658624,
    "MAE": 0.04130999821743384
}