{
    "MSFE": 0.00129362426884386,
    "RMSE": 0.03596698859848931,
    "MAE": 0.026651280227763748
}