{
    "MSFE": 0.0016302110554997275,
    "RMSE": 0.04037587219491026,
    "MAE": 0.03217474051894805
}