{
    "MSFE": 0.0009620691313928726,
    "RMSE": 0.031017239261302294,
    "MAE": 0.022548371318492983
}