{
    "MSFE": 0.0012923281249010653,
    "RMSE": 0.03594896556093186,
    "MAE": 0.026631818749494458
}