{
    "MSFE": 0.0009277568246553352,
    "RMSE": 0.03045910085106478,
    "MAE": 0.022757908327515165
}