{
    "MSFE": 0.0009940383910353185,
    "RMSE": 0.03152837437983948,
    "MAE": 0.02350435371162793
}