{
    "MSFE": 0.0010243041106057155,
    "RMSE": 0.03200475137547104,
    "MAE": 0.02420946722166779
}