{
    "oos_mse_from_bvd": 0.0009903054727449507,
    "bias_squared": 0.0009872687221455334,
    "variance": 3.0367505994172547e-06,
    "bias_plain": 0.03142083261381744
}