{
    "MSFE": 0.0010020057318933973,
    "RMSE": 0.031654474121258075,
    "MAE": 0.023885822660523328
}