{
    "MSFE": 0.0009487229116990906,
    "RMSE": 0.03080134593973274,
    "MAE": 0.023126508443250152
}