{
    "MSFE": 0.0009606470930239407,
    "RMSE": 0.030994307429331933,
    "MAE": 0.02267475341289137
}