{
    "MSFE": 0.0009909847938726478,
    "RMSE": 0.031479910957190584,
    "MAE": 0.023486265099679614
}