{
    "MSFE": 0.0010257989366341434,
    "RMSE": 0.032028096050719955,
    "MAE": 0.024220477972879483
}