{
    "MSFE": 0.0009860658430777272,
    "RMSE": 0.03140168535409727,
    "MAE": 0.02323177318897014
}