{
    "MSFE": 0.0009771655048412477,
    "RMSE": 0.03125964658855323,
    "MAE": 0.02356477946863549
}