{
    "MSFE": 0.0009774849186060387,
    "RMSE": 0.031264755214235065,
    "MAE": 0.023484838804108375
}