{
    "MSFE": 0.0012884018179514314,
    "RMSE": 0.035894314563053455,
    "MAE": 0.026583751432253694
}