{
    "MSFE": 0.000984821946707726,
    "RMSE": 0.03138187289993582,
    "MAE": 0.023075119870632106
}