{
    "MSFE": 0.0009882934647710531,
    "RMSE": 0.031437135123465895,
    "MAE": 0.023378994801839685
}