{
    "oos_mse_from_bvd": 0.0009880883983632667,
    "bias_squared": 0.0009868046361968604,
    "variance": 1.2837621664060482e-06,
    "bias_plain": 0.03141344674175154
}