{
    "MSFE": 0.0009935488199021409,
    "RMSE": 0.03152060944687048,
    "MAE": 0.02347111136105686
}