{
    "MSFE": 0.0009839818070972548,
    "RMSE": 0.031368484297097536,
    "MAE": 0.023097777884812355
}