{
    "MSFE": 0.0012845945923943526,
    "RMSE": 0.03584124150185583,
    "MAE": 0.02656042071431316
}