{
    "MSFE": 0.0009265694210053236,
    "RMSE": 0.030439602839152216,
    "MAE": 0.022727789068317968
}