{
    "MSFE": 0.0009867892902237435,
    "RMSE": 0.03141320248277376,
    "MAE": 0.02310111205446847
}