{
    "oos_mse_from_bvd": 0.0009904575115678989,
    "bias_squared": 0.00098732615469095,
    "variance": 3.131356876948796e-06,
    "bias_plain": 0.03142174652515277
}