{
    "MSFE": 0.0010018106276185614,
    "RMSE": 0.031651392190843064,
    "MAE": 0.02387822905861037
}