{
    "MSFE": 0.0009935101588446074,
    "RMSE": 0.03151999617456524,
    "MAE": 0.023470756957183217
}