{
    "MSFE": 0.002030955736541927,
    "RMSE": 0.0450661262650999,
    "MAE": 0.03753346628298755
}