{
    "MSFE": 0.0009298145815929792,
    "RMSE": 0.030492861157867413,
    "MAE": 0.02279038166955972
}