{
    "MSFE": 0.0012840339998550564,
    "RMSE": 0.03583342015291111,
    "MAE": 0.026506843697607474
}