{
    "MSFE": 0.0012931311471328383,
    "RMSE": 0.03596013274631837,
    "MAE": 0.026643908199791125
}