{
    "MSFE": 0.0009816535942235999,
    "RMSE": 0.03133135161820504,
    "MAE": 0.023648803467085575
}