{
    "oos_mse_from_bvd": 0.000987328562188365,
    "bias_squared": 0.000986416869578572,
    "variance": 9.11692609793211e-07,
    "bias_plain": 0.03140727415072139
}