{
    "MSFE": 0.000984010636115374,
    "RMSE": 0.03136894381574512,
    "MAE": 0.02309954275991779
}