{
    "MSFE": 0.0012909405334513954,
    "RMSE": 0.035929660914784535,
    "MAE": 0.02663224875998201
}