{
    "MSFE": 0.0012908189530819471,
    "RMSE": 0.0359279689529195,
    "MAE": 0.026599331618039884
}