{
    "MSFE": 0.0009589422693215142,
    "RMSE": 0.03096679300995688,
    "MAE": 0.022646386114770094
}