{
    "MSFE": 0.0009909413694376228,
    "RMSE": 0.03147922123302327,
    "MAE": 0.023265500255199544
}