{
    "MSFE": 0.003176600938587977,
    "RMSE": 0.056361342590360436,
    "MAE": 0.04982253102539687
}