{
    "oos_mse_from_bvd": 0.0009937734013313814,
    "bias_squared": 0.0009885561136391452,
    "variance": 5.217287692236424e-06,
    "bias_plain": 0.03144131221242436
}