{
    "MSFE": 0.0010123192138241062,
    "RMSE": 0.031816964245887855,
    "MAE": 0.024253689195612306
}