{
    "MSFE": 0.0009857937023334767,
    "RMSE": 0.03139735183631697,
    "MAE": 0.023167624199603346
}