{
    "MSFE": 0.0024730754104696365,
    "RMSE": 0.04973002524099135,
    "MAE": 0.042993627928410515
}