{
    "oos_mse_from_bvd": 0.000988052379030137,
    "bias_squared": 0.0009867703374133255,
    "variance": 1.282041616811413e-06,
    "bias_plain": 0.03141290081182133
}