{
    "MSFE": 0.0009806211769222944,
    "RMSE": 0.031314871497777126,
    "MAE": 0.023586925361687217
}