{
    "MSFE": 0.0009245182530585618,
    "RMSE": 0.030405891749109445,
    "MAE": 0.022705900158284553
}