{
    "oos_mse_from_bvd": 0.006377851097862446,
    "bias_squared": 0.0049128673192126915,
    "variance": 0.001464983778649756,
    "bias_plain": 0.07009184916388418
}