{
    "MSFE": 0.0009850940488680187,
    "RMSE": 0.031386207940240544,
    "MAE": 0.023113316404249896
}