{
    "MSFE": 0.000982976743117648,
    "RMSE": 0.03135245992131475,
    "MAE": 0.023050959584343243
}