{
    "MSFE": 0.0009823189100483275,
    "RMSE": 0.03134196723322146,
    "MAE": 0.023097948688826843
}