{
    "MSFE": 0.0013913379527930622,
    "RMSE": 0.037300642793295966,
    "MAE": 0.028612941118853832
}