{
    "MSFE": 0.0009942324223266457,
    "RMSE": 0.03153145131970055,
    "MAE": 0.02349274739097145
}