{
    "MSFE": 0.0024730767979592814,
    "RMSE": 0.04973003919120999,
    "MAE": 0.04299363907471561
}