{
    "MSFE": 0.0010282662535462707,
    "RMSE": 0.0320665909249217,
    "MAE": 0.024009517721254522
}