{
    "oos_mse_from_bvd": 0.0009871642921768775,
    "bias_squared": 0.000986446829860398,
    "variance": 7.174623164796442e-07,
    "bias_plain": 0.03140775111115723
}