{
    "MSFE": 0.000986446287812299,
    "RMSE": 0.03140774248194701,
    "MAE": 0.023256292929342996
}