{
    "MSFE": 0.0009825586053498292,
    "RMSE": 0.031345790871340755,
    "MAE": 0.023138487159604225
}