{
    "MSFE": 0.0009681008779865609,
    "RMSE": 0.031114319500618375,
    "MAE": 0.02287322202967853
}