{
    "MSFE": 0.0010802537793502783,
    "RMSE": 0.03286721435336859,
    "MAE": 0.02466001100587768
}