{
    "oos_mse_from_bvd": 0.0009873250237837042,
    "bias_squared": 0.0009864126081147995,
    "variance": 9.124156689046025e-07,
    "bias_plain": 0.03140720630866107
}