{
    "MSFE": 0.001284048824083174,
    "RMSE": 0.03583362700150759,
    "MAE": 0.026562113354287417
}