{
    "MSFE": 0.0009936844391002305,
    "RMSE": 0.03152276065163441,
    "MAE": 0.02347148254937328
}