{
    "MSFE": 0.0009823328834559295,
    "RMSE": 0.031342190150912067,
    "MAE": 0.023096947279317215
}