{
    "MSFE": 0.0012815095488222258,
    "RMSE": 0.03579817800981254,
    "MAE": 0.026495061698610302
}