{
    "MSFE": 0.0011927273422221343,
    "RMSE": 0.03453588484782364,
    "MAE": 0.02366884961734034
}