{
    "oos_mse_from_bvd": 0.000987641856844424,
    "bias_squared": 0.0009864449608680916,
    "variance": 1.1968959763325826e-06,
    "bias_plain": 0.031407721357463864
}