{
    "MSFE": 0.0009823242596051526,
    "RMSE": 0.03134205257485784,
    "MAE": 0.02309792541740401
}