{
    "oos_mse_from_bvd": 0.029230685440781286,
    "bias_squared": 0.00214147159079776,
    "variance": 0.027089213849983525,
    "bias_plain": 0.0462760368959763
}