{
    "MSFE": 0.001299569011204899,
    "RMSE": 0.036049535519960575,
    "MAE": 0.02715428488311773
}