{
    "MSFE": 0.005182275921541611,
    "RMSE": 0.07198802623729596,
    "MAE": 0.06521305408997721
}