{
    "MSFE": 0.005133010643365174,
    "RMSE": 0.07164503223088935,
    "MAE": 0.0646037321415407
}