{
    "MSFE": 0.0010496203472087399,
    "RMSE": 0.03239784479265156,
    "MAE": 0.024678335499297953
}