{
    "MSFE": 0.0009620729423777463,
    "RMSE": 0.031017300694576023,
    "MAE": 0.02259668063862861
}