{
    "oos_mse_from_bvd": 0.0009898739744295388,
    "bias_squared": 0.0009861695788931843,
    "variance": 3.704395536354293e-06,
    "bias_plain": 0.03140333706619703
}