{
    "MSFE": 0.0009785605309171358,
    "RMSE": 0.0312819521596261,
    "MAE": 0.023101702710189232
}