{
    "MSFE": 0.001340864541172168,
    "RMSE": 0.0366178172638972,
    "MAE": 0.027587968711372684
}