{
    "MSFE": 0.0012844016837650748,
    "RMSE": 0.03583855024641866,
    "MAE": 0.026555531867655937
}