{
    "MSFE": 0.0012928203550277796,
    "RMSE": 0.03595581114406654,
    "MAE": 0.026640949909068727
}