{
    "MSFE": 0.0010544638373574462,
    "RMSE": 0.03247250894768444,
    "MAE": 0.024734653710586592
}