{
    "oos_mse_from_bvd": 0.006377850490376611,
    "bias_squared": 0.004912866831497127,
    "variance": 0.0014649836588794842,
    "bias_plain": 0.07009184568476655
}