{
    "MSFE": 0.005201279496797539,
    "RMSE": 0.07211989667766822,
    "MAE": 0.06507299630196849
}