{
    "oos_mse_from_bvd": 0.0009904029601850476,
    "bias_squared": 0.0009873159087396663,
    "variance": 3.0870514453811326e-06,
    "bias_plain": 0.03142158348555442
}