{
    "MSFE": 0.0010018170422721375,
    "RMSE": 0.03165149352356279,
    "MAE": 0.023878932581866023
}