{
    "MSFE": 0.0012882186604390928,
    "RMSE": 0.03589176312803667,
    "MAE": 0.02658336435315648
}