{
    "MSFE": 0.001048089683523058,
    "RMSE": 0.032374213249483884,
    "MAE": 0.024510279527019396
}