{
    "MSFE": 0.0010844722856576774,
    "RMSE": 0.0329313268128947,
    "MAE": 0.024981748197762915
}