{
    "MSFE": 0.004790543245619123,
    "RMSE": 0.06921375040856494,
    "MAE": 0.04759706813845056
}