{
    "oos_mse_from_bvd": 0.0009882985967124035,
    "bias_squared": 0.0009867510721322682,
    "variance": 1.5475245801353322e-06,
    "bias_plain": 0.031412594164319955
}