{
    "MSFE": 0.000980053178015135,
    "RMSE": 0.03130580102816625,
    "MAE": 0.023105074752665943
}