{
    "oos_mse_from_bvd": 0.0009881004512831914,
    "bias_squared": 0.0009868140371732347,
    "variance": 1.2864141099567922e-06,
    "bias_plain": 0.031413596374392325
}