{
    "oos_mse_from_bvd": 0.0009875424284437168,
    "bias_squared": 0.0009866473104797329,
    "variance": 8.951179639839374e-07,
    "bias_plain": 0.031410942527720066
}