{
    "MSFE": 0.0009840285803602937,
    "RMSE": 0.03136922983371274,
    "MAE": 0.023114021665321127
}