{
    "MSFE": 0.0015361363063658838,
    "RMSE": 0.03919357480972977,
    "MAE": 0.031026730403032304
}