{
    "MSFE": 0.0012846445576105501,
    "RMSE": 0.03584193853031041,
    "MAE": 0.026572775858559685
}