{
    "MSFE": 0.0010264212945630957,
    "RMSE": 0.03203781038964891,
    "MAE": 0.023955924222694623
}