{
    "MSFE": 0.0009690577628461502,
    "RMSE": 0.031129692623701737,
    "MAE": 0.02292427994111747
}