{
    "oos_mse_from_bvd": 0.0009881414259211058,
    "bias_squared": 0.0009868448531252416,
    "variance": 1.2965727958641376e-06,
    "bias_plain": 0.0314140868580521
}