{
    "MSFE": 0.0009934204874680057,
    "RMSE": 0.03151857369025454,
    "MAE": 0.023468650036254434
}