{
    "MSFE": 0.0009572544787038921,
    "RMSE": 0.030939529387240074,
    "MAE": 0.02259195314951915
}