{
    "oos_mse_from_bvd": 0.001300804135926043,
    "bias_squared": 0.0012791663797078689,
    "variance": 2.1637756218174248e-05,
    "bias_plain": 0.03576543554478079
}