{
    "MSFE": 0.001284390318928164,
    "RMSE": 0.03583839169003213,
    "MAE": 0.026522548335178225
}