{
    "oos_mse_from_bvd": 0.013184866899995928,
    "bias_squared": 0.00893993439947576,
    "variance": 0.004244932500520169,
    "bias_plain": 0.09455122632454727
}