{
    "MSFE": 0.012406812071130348,
    "RMSE": 0.11138587015923675,
    "MAE": 0.09683899143525983
}