{
    "oos_mse_from_bvd": 0.000989350293621584,
    "bias_squared": 0.0009870607908185863,
    "variance": 2.289502802997868e-06,
    "bias_plain": 0.03141752362645067
}