{
    "MSFE": 0.000982021407309853,
    "RMSE": 0.031337220797477444,
    "MAE": 0.0231963138254081
}