{
    "oos_mse_from_bvd": 0.0013006935981855294,
    "bias_squared": 0.001279102399388073,
    "variance": 2.1591198797456558e-05,
    "bias_plain": 0.03576454109013665
}