{
    "MSFE": 0.00128410069619666,
    "RMSE": 0.03583435078519855,
    "MAE": 0.02651977617066349
}