{
    "MSFE": 0.004911306870816765,
    "RMSE": 0.07008071682579142,
    "MAE": 0.0632576585403232
}