{
    "MSFE": 0.00096830361272093,
    "RMSE": 0.031117577230898457,
    "MAE": 0.02288369703707694
}