{
    "MSFE": 0.0014551466395932794,
    "RMSE": 0.0381463843580657,
    "MAE": 0.029726888921520495
}