{
    "oos_mse_from_bvd": 0.0009903704964671558,
    "bias_squared": 0.0009873287673886565,
    "variance": 3.0417290784992165e-06,
    "bias_plain": 0.031421788099798786
}