{
    "MSFE": 0.001001995394706309,
    "RMSE": 0.0316543108392255,
    "MAE": 0.023881659559848115
}