{
    "MSFE": 0.0009848884161456951,
    "RMSE": 0.03138293192398848,
    "MAE": 0.023103751223016868
}