{
    "MSFE": 0.0012880670619616675,
    "RMSE": 0.03588965118194474,
    "MAE": 0.02658042349516656
}