{
    "MSFE": 0.0012927104521240206,
    "RMSE": 0.035954282806419886,
    "MAE": 0.026639550231023643
}