{
    "oos_mse_from_bvd": 0.000988051529377901,
    "bias_squared": 0.0009867708211142023,
    "variance": 1.2807082636988508e-06,
    "bias_plain": 0.03141290851090046
}