{
    "MSFE": 0.000981967367813733,
    "RMSE": 0.031336358560204995,
    "MAE": 0.02362982777956568
}