{
    "MSFE": 0.001294006711342821,
    "RMSE": 0.03597230478219071,
    "MAE": 0.026658197256614256
}