{
    "MSFE": 0.0009017451505931898,
    "RMSE": 0.030029071757102146,
    "MAE": 0.022244727137846743
}