{
    "oos_mse_from_bvd": 0.0009876884688301414,
    "bias_squared": 0.0009864843862057878,
    "variance": 1.2040826243536275e-06,
    "bias_plain": 0.031408348988856256
}