{
    "oos_mse_from_bvd": 0.009413401548732709,
    "bias_squared": 0.0077600934006276665,
    "variance": 0.0016533081481050428,
    "bias_plain": 0.0880913923185896
}