{
    "MSFE": 0.006592807130491808,
    "RMSE": 0.08119610292675264,
    "MAE": 0.07408727507051548
}