{
    "MSFE": 0.0009674886620587488,
    "RMSE": 0.03110447977476474,
    "MAE": 0.02293844980840247
}