{
    "oos_mse_from_bvd": 0.0048059582586466795,
    "bias_squared": 0.00409074428755663,
    "variance": 0.000715213971090049,
    "bias_plain": 0.06395892656663829
}