{
    "MSFE": 0.003890065126023887,
    "RMSE": 0.062370386611146536,
    "MAE": 0.05580702251812197
}