{
    "oos_mse_from_bvd": 0.003617105562808173,
    "bias_squared": 0.002749833999602098,
    "variance": 0.000867271563206075,
    "bias_plain": 0.052438859632929644
}