{
    "MSFE": 0.0023129194550212027,
    "RMSE": 0.048092821242064834,
    "MAE": 0.04069176103923526
}