{
    "MSFE": 0.0009320779480308191,
    "RMSE": 0.030529951654577166,
    "MAE": 0.022809694645807337
}