{
    "oos_mse_from_bvd": 0.000988174927414981,
    "bias_squared": 0.0009867588982166548,
    "variance": 1.4160291983263994e-06,
    "bias_plain": 0.031412718733287874
}