{
    "MSFE": 0.000982079913096208,
    "RMSE": 0.03133815427073216,
    "MAE": 0.023088122851954516
}