{
    "MSFE": 0.002478920898040985,
    "RMSE": 0.04978876276873111,
    "MAE": 0.0426813676945986
}