{
    "MSFE": 0.0009865104383178747,
    "RMSE": 0.031408763718393545,
    "MAE": 0.02333324708504951
}