{
    "MSFE": 0.001289317534046757,
    "RMSE": 0.03590706802353482,
    "MAE": 0.02658507486011084
}