{
    "oos_mse_from_bvd": 0.0009885432741151541,
    "bias_squared": 0.0009867182609710904,
    "variance": 1.825013144063659e-06,
    "bias_plain": 0.03141207189873171
}