{
    "MSFE": 0.0009817212811886827,
    "RMSE": 0.03133243177904777,
    "MAE": 0.02317645127439154
}