{
    "MSFE": 0.0013091460778220712,
    "RMSE": 0.036182123732888746,
    "MAE": 0.02689038452822691
}