{
    "oos_mse_from_bvd": 0.0009876889847550876,
    "bias_squared": 0.0009864855365535538,
    "variance": 1.2034482015339516e-06,
    "bias_plain": 0.0314083673016213
}