{
    "oos_mse_from_bvd": 0.000990288967419594,
    "bias_squared": 0.0009872713412081902,
    "variance": 3.0176262114038535e-06,
    "bias_plain": 0.03142087429095808
}