{
    "MSFE": 0.0010022975498829544,
    "RMSE": 0.03165908321292571,
    "MAE": 0.02388794460697761
}