{
    "oos_mse_from_bvd": 0.000990658595615772,
    "bias_squared": 0.0009873114110325602,
    "variance": 3.347184583211893e-06,
    "bias_plain": 0.031421511915128465
}