{
    "MSFE": 0.0009837768638410527,
    "RMSE": 0.031365217420592714,
    "MAE": 0.02325784632919512
}