{
    "mse": 0.0021015870865780163,
    "mae": 0.03836695101259498
}