{
    "MSFE": 0.0009267980655642547,
    "RMSE": 0.030443358316129557,
    "MAE": 0.02275573000532661
}