{
    "MSFE": 0.0016673496178634143,
    "RMSE": 0.040833192599445546,
    "MAE": 0.032981726357848073
}