{
    "MSFE": 0.0009903201351291065,
    "RMSE": 0.03146935231505578,
    "MAE": 0.02319775330923374
}