{
    "oos_mse_from_bvd": 0.10453274046152443,
    "bias_squared": 0.02925725477384623,
    "variance": 0.07527548568767821,
    "bias_plain": 0.1710475219751699
}