{
    "MSFE": 0.0009598739854261707,
    "RMSE": 0.030981833151480412,
    "MAE": 0.022704710047992897
}