{
    "MSFE": 0.0012937563718270176,
    "RMSE": 0.03596882499925481,
    "MAE": 0.02665409754137928
}