{
    "MSFE": 0.0009053374844303029,
    "RMSE": 0.030088826571175935,
    "MAE": 0.022349852758048815
}