{
    "MSFE": 0.0009935795456742663,
    "RMSE": 0.031521096834886096,
    "MAE": 0.023470597713128333
}