{
    "MSFE": 0.0012936787802458273,
    "RMSE": 0.03596774638819935,
    "MAE": 0.026692006181039212
}