{
    "MSFE": 0.0012919582038055102,
    "RMSE": 0.035943820105902906,
    "MAE": 0.02662489581857192
}