{
    "MSFE": 0.0009834910601059074,
    "RMSE": 0.03136066102788504,
    "MAE": 0.02383144113222241
}