{
    "MSFE": 0.0009681868345519552,
    "RMSE": 0.031115700772310354,
    "MAE": 0.023111818612091044
}