{
    "MSFE": 0.0009942205027469236,
    "RMSE": 0.03153126230817478,
    "MAE": 0.02349201516879238
}