{
    "MSFE": 0.0009336141722514186,
    "RMSE": 0.030555100593050232,
    "MAE": 0.022840356228177008
}