{
    "MSFE": 0.005097860526089073,
    "RMSE": 0.07139930340058699,
    "MAE": 0.06436050116738683
}