{
    "MSFE": 0.0012892673346630878,
    "RMSE": 0.03590636899859254,
    "MAE": 0.026587858428065936
}