{
    "MSFE": 0.0009697731436279107,
    "RMSE": 0.031141180832266312,
    "MAE": 0.023131296027393125
}