{
    "MSFE": 0.0009827427075032081,
    "RMSE": 0.03134872736656479,
    "MAE": 0.024331945380721108
}