{
    "MSFE": 0.10330150365835081,
    "RMSE": 0.3214055128001864,
    "MAE": 0.19368067864623476
}