{
    "MSFE": 0.0013326880495741944,
    "RMSE": 0.036506000185917306,
    "MAE": 0.027311266256064354
}