{
    "MSFE": 0.0009840050845572874,
    "RMSE": 0.031368855327494616,
    "MAE": 0.023047038353847738
}