{
    "oos_mse_from_bvd": 0.000990479719338162,
    "bias_squared": 0.0009873169518485937,
    "variance": 3.1627674895684016e-06,
    "bias_plain": 0.031421600084155385
}