{
    "MSFE": 0.001002294000031732,
    "RMSE": 0.031659027149167615,
    "MAE": 0.02388725172990314
}