{
    "oos_mse_from_bvd": 0.09994245606929919,
    "bias_squared": 0.026810961074698863,
    "variance": 0.07313149499460032,
    "bias_plain": 0.1637405297252298
}