{
    "oos_mse_from_bvd": 0.0009875430284150399,
    "bias_squared": 0.0009864178390427217,
    "variance": 1.125189372318098e-06,
    "bias_plain": 0.03140728958446942
}