{
    "MSFE": 0.0009831256382866027,
    "RMSE": 0.031354834368667976,
    "MAE": 0.023122227850889
}