{
    "MSFE": 0.0009840160288322076,
    "RMSE": 0.03136902977192963,
    "MAE": 0.02309964647178142
}