{
    "MSFE": 0.0012920100018308375,
    "RMSE": 0.03594454064014224,
    "MAE": 0.02665381073895611
}