{
    "MSFE": 0.0009318682302914758,
    "RMSE": 0.030526516838504124,
    "MAE": 0.02281556467581053
}