{
    "oos_mse_from_bvd": 0.0009872932354518158,
    "bias_squared": 0.0009865562633855137,
    "variance": 7.369720663020311e-07,
    "bias_plain": 0.031409493204849925
}