{
    "MSFE": 0.0009872099893599555,
    "RMSE": 0.031419897984556786,
    "MAE": 0.023266272640082568
}