{
    "MSFE": 0.0012989161026847893,
    "RMSE": 0.036040478668918775,
    "MAE": 0.02673255814768882
}