{
    "MSFE": 0.0009829693547910804,
    "RMSE": 0.0313523420941894,
    "MAE": 0.023195711865436293
}