{
    "MSFE": 0.000982314203205876,
    "RMSE": 0.031341892144634086,
    "MAE": 0.02309723463744242
}