{
    "MSFE": 0.0009837927603759534,
    "RMSE": 0.03136547082981465,
    "MAE": 0.023104092263646202
}