{
    "MSFE": 0.0010142428475920435,
    "RMSE": 0.031847179586143,
    "MAE": 0.023982005051616708
}