{
    "MSFE": 0.0008985296113912015,
    "RMSE": 0.02997548350554502,
    "MAE": 0.02202395388529272
}