{
    "oos_mse_from_bvd": 0.0009881979839571672,
    "bias_squared": 0.0009867989626627257,
    "variance": 1.3990212944413216e-06,
    "bias_plain": 0.0314133564373934
}