{
    "MSFE": 0.0009941828631988773,
    "RMSE": 0.031530665441739054,
    "MAE": 0.023492618162688265
}