{
    "oos_mse_from_bvd": 0.0009912366480139382,
    "bias_squared": 0.0009872522995291251,
    "variance": 3.9843484848132645e-06,
    "bias_plain": 0.03142057127948385
}