{
    "MSFE": 0.0009790034409959028,
    "RMSE": 0.03128903068162871,
    "MAE": 0.02307652999292693
}