{
    "MSFE": 0.001341141764637589,
    "RMSE": 0.03662160243131899,
    "MAE": 0.02759287335096942
}