{
    "MSFE": 0.0009661271298136156,
    "RMSE": 0.031082585635908985,
    "MAE": 0.02273005921416973
}