{
    "MSFE": 0.0012909301061995845,
    "RMSE": 0.035929515808031484,
    "MAE": 0.026632077695981964
}