{
    "MSFE": 0.0010545127074391763,
    "RMSE": 0.032473261422887235,
    "MAE": 0.024571922882340988
}