{
    "MSFE": 0.001337279704846611,
    "RMSE": 0.03656883515845987,
    "MAE": 0.027710738199647623
}