{
    "MSFE": 0.000995832870485793,
    "RMSE": 0.031556819714378584,
    "MAE": 0.023524071499175438
}