{
    "oos_mse_from_bvd": 0.0009919958981955582,
    "bias_squared": 0.0009877806634040417,
    "variance": 4.215234791516361e-06,
    "bias_plain": 0.03142897808399188
}