{
    "MSFE": 0.0010080107639795326,
    "RMSE": 0.03174918524906636,
    "MAE": 0.024114689735725617
}