{
    "MSFE": 0.0015900056852160868,
    "RMSE": 0.03987487536301633,
    "MAE": 0.030423147482415574
}