{
    "oos_mse_from_bvd": 0.15709465092823127,
    "bias_squared": 0.06398021830945143,
    "variance": 0.09311443261877983,
    "bias_plain": 0.2529431127930773
}