{
    "MSFE": 0.13910726508400495,
    "RMSE": 0.3729708635858905,
    "MAE": 0.27935408334054684
}