{
    "MSFE": 0.0008658270968382191,
    "RMSE": 0.029424940048166946,
    "MAE": 0.021425774074470046
}