{
    "MSFE": 0.0014968265887364467,
    "RMSE": 0.038688843207524914,
    "MAE": 0.030173768409552246
}