{
    "oos_mse_from_bvd": 0.0068532005471068,
    "bias_squared": 0.005330690041254755,
    "variance": 0.0015225105058520457,
    "bias_plain": 0.07301157470740345
}