{
    "oos_mse_from_bvd": 0.0009908491400935113,
    "bias_squared": 0.0009872928277816946,
    "variance": 3.556312311816792e-06,
    "bias_plain": 0.03142121620468715
}