{
    "MSFE": 0.001002104113800786,
    "RMSE": 0.0316560280799848,
    "MAE": 0.023867560856015983
}