{
    "MSFE": 0.0009856345835988118,
    "RMSE": 0.03139481778253876,
    "MAE": 0.02315852213599876
}