{
    "MSFE": 0.0012831363359332674,
    "RMSE": 0.035820892450262425,
    "MAE": 0.026550909396809742
}