{
    "MSFE": 0.0010005771504241119,
    "RMSE": 0.03163190083482357,
    "MAE": 0.023815768490280446
}