{
    "oos_mse_from_bvd": 0.0009876813126741277,
    "bias_squared": 0.0009864788818661797,
    "variance": 1.2024308079478743e-06,
    "bias_plain": 0.03140826136331299
}