{
    "oos_mse_from_bvd": 0.000990393185841967,
    "bias_squared": 0.00098732932858329,
    "variance": 3.063857258677001e-06,
    "bias_plain": 0.031421797029821355
}