{
    "MSFE": 0.0009814194577540901,
    "RMSE": 0.03132761493880583,
    "MAE": 0.023171593529971134
}