{
    "oos_mse_from_bvd": 0.000988090550675575,
    "bias_squared": 0.0009868034731750045,
    "variance": 1.28707750057078e-06,
    "bias_plain": 0.03141342823021716
}