{
    "MSFE": 0.0009935477704177966,
    "RMSE": 0.03152059279927642,
    "MAE": 0.02346999332193936
}