{
    "oos_mse_from_bvd": 0.000991343909192203,
    "bias_squared": 0.000986764174016004,
    "variance": 4.579735176198992e-06,
    "bias_plain": 0.03141280270870468
}