{
    "MSFE": 0.0009813793814423002,
    "RMSE": 0.03132697529992802,
    "MAE": 0.023053955379701875
}