{
    "MSFE": 0.0012895240684051635,
    "RMSE": 0.035909943865246624,
    "MAE": 0.026588665300813656
}