{
    "MSFE": 0.0009935705760390078,
    "RMSE": 0.03152095455469278,
    "MAE": 0.02347065349336607
}