{
    "MSFE": 0.0009686473194874199,
    "RMSE": 0.031123099451812634,
    "MAE": 0.02306100985340378
}