{
    "MSFE": 0.0009688043725751223,
    "RMSE": 0.031125622444782085,
    "MAE": 0.02306235343590718
}