{
    "MSFE": 0.0009922866957227054,
    "RMSE": 0.03150058246640378,
    "MAE": 0.023357863939215708
}