{
    "MSFE": 0.0013090619870635971,
    "RMSE": 0.03618096166582084,
    "MAE": 0.02688923605227198
}