{
    "oos_mse_from_bvd": 0.0009881829013571575,
    "bias_squared": 0.0009867855055198404,
    "variance": 1.3973958373170182e-06,
    "bias_plain": 0.03141314224205914
}