{
    "MSFE": 0.000994176016037182,
    "RMSE": 0.031530556862148534,
    "MAE": 0.023492640550082246
}