{
    "MSFE": 0.0009670736332437576,
    "RMSE": 0.031097807531138874,
    "MAE": 0.022936468336470544
}