{
    "MSFE": 0.0009333568816416697,
    "RMSE": 0.030550890030270308,
    "MAE": 0.022858724262506527
}