{
    "oos_mse_from_bvd": 0.010869656422474156,
    "bias_squared": 0.008868494658506858,
    "variance": 0.0020011617639672926,
    "bias_plain": 0.09417268531005611
}