{
    "MSFE": 0.007306225485192543,
    "RMSE": 0.08547646158558825,
    "MAE": 0.07785942792718796
}