{
    "MSFE": 0.0009227240991171515,
    "RMSE": 0.030376374028464152,
    "MAE": 0.022645630564807576
}