{
    "MSFE": 0.0010652233301827643,
    "RMSE": 0.03263775927024961,
    "MAE": 0.024343174038131386
}