{
    "MSFE": 0.0009789767727140738,
    "RMSE": 0.03128860451848362,
    "MAE": 0.023686881791614125
}