{
    "oos_mse_from_bvd": 0.001017110706367771,
    "bias_squared": 0.0010051056852557606,
    "variance": 1.2005021112010626e-05,
    "bias_plain": 0.031703401793116155
}