{
    "MSFE": 0.0010021045174510256,
    "RMSE": 0.031656034455550895,
    "MAE": 0.023884269409464535
}