{
    "oos_mse_from_bvd": 0.0009874878940772693,
    "bias_squared": 0.00098651914305353,
    "variance": 9.687510237393918e-07,
    "bias_plain": 0.03140890228985295
}