{
    "MSFE": 0.0009836790308676397,
    "RMSE": 0.031363657804338446,
    "MAE": 0.023131598436283207
}