{
    "MSFE": 0.0010302162864442522,
    "RMSE": 0.032096982513068924,
    "MAE": 0.024993443170970634
}