{
    "MSFE": 0.0016302110526515725,
    "RMSE": 0.04037587215963975,
    "MAE": 0.0321747405559053
}