{
    "MSFE": 0.0009511314769178922,
    "RMSE": 0.03084041953213173,
    "MAE": 0.022777142403443053
}