{
    "MSFE": 0.0009945943688921932,
    "RMSE": 0.03153719025043596,
    "MAE": 0.023516497026664543
}