{
    "MSFE": 0.0012838524408126154,
    "RMSE": 0.0358308866875021,
    "MAE": 0.02656684610185704
}