{
    "MSFE": 0.0013651468422572575,
    "RMSE": 0.03694789361055996,
    "MAE": 0.02821444908701964
}