{
    "oos_mse_from_bvd": 0.00098818291438033,
    "bias_squared": 0.00098678560217724,
    "variance": 1.3973122030899831e-06,
    "bias_plain": 0.031413143780545744
}