{
    "MSFE": 0.0009941529125013543,
    "RMSE": 0.03153019049262713,
    "MAE": 0.02348982130058848
}