{
    "MSFE": 0.0012896341043880115,
    "RMSE": 0.03591147594276809,
    "MAE": 0.0266082253237356
}