{
    "oos_mse_from_bvd": 0.0009880557948653268,
    "bias_squared": 0.0009867738056842622,
    "variance": 1.2819891810646117e-06,
    "bias_plain": 0.031412956016336036
}