{
    "MSFE": 0.0013052542628013348,
    "RMSE": 0.03612830279436518,
    "MAE": 0.026843377869135446
}