{
    "oos_mse_from_bvd": 0.0009876859084821308,
    "bias_squared": 0.0009864856643444315,
    "variance": 1.200244137699198e-06,
    "bias_plain": 0.03140836933596572
}