{
    "MSFE": 0.0009823385904064292,
    "RMSE": 0.03134228119340437,
    "MAE": 0.023096961001591376
}