{
    "MSFE": 0.0009965662395421274,
    "RMSE": 0.0315684373946847,
    "MAE": 0.02352802605608067
}