{
    "MSFE": 0.0012982391761422536,
    "RMSE": 0.03603108624704859,
    "MAE": 0.026769787197194108
}