{
    "MSFE": 0.004684855729914085,
    "RMSE": 0.06844600594566556,
    "MAE": 0.06145057769709041
}