{
    "MSFE": 0.0009653661473710331,
    "RMSE": 0.03107034192555713,
    "MAE": 0.02423589303852299
}