{
    "oos_mse_from_bvd": 0.000987590792294472,
    "bias_squared": 0.0009865816268600704,
    "variance": 1.0091654344017083e-06,
    "bias_plain": 0.03140989695717053
}