{
    "MSFE": 0.0009834036641725157,
    "RMSE": 0.031359267596238846,
    "MAE": 0.02313017060563518
}