{
    "MSFE": 0.0013012246524982205,
    "RMSE": 0.036072491631411054,
    "MAE": 0.02679411451101553
}