{
    "MSFE": 0.0010288809635542167,
    "RMSE": 0.032076174390881104,
    "MAE": 0.024115207866045613
}