{
    "MSFE": 0.004770259131578879,
    "RMSE": 0.06906706256660174,
    "MAE": 0.06207241432958057
}