{
    "MSFE": 0.0012831649752590261,
    "RMSE": 0.035821292205321494,
    "MAE": 0.026509541722475376
}