{
    "MSFE": 0.0013062395604096155,
    "RMSE": 0.03614193631240052,
    "MAE": 0.026845869349200215
}