{
    "MSFE": 0.0010432108909103808,
    "RMSE": 0.032298775377874324,
    "MAE": 0.024257622595939107
}