{
    "MSFE": 0.0010685401263504928,
    "RMSE": 0.032688532031134296,
    "MAE": 0.024617466861830938
}