{
    "MSFE": 0.21837454515655227,
    "RMSE": 0.4673056228599783,
    "MAE": 0.28036229053399786
}