{
    "MSFE": 0.0009270288371548914,
    "RMSE": 0.030447148259810663,
    "MAE": 0.022730949755450435
}