{
    "oos_mse_from_bvd": 0.000988000687953394,
    "bias_squared": 0.00098646779272586,
    "variance": 1.532895227534084e-06,
    "bias_plain": 0.03140808483059513
}