{
    "MSFE": 0.0009817847805319614,
    "RMSE": 0.03133344507921147,
    "MAE": 0.02311887208759562
}