{
    "MSFE": 0.0009173911234887997,
    "RMSE": 0.030288465188728197,
    "MAE": 0.022656012727206833
}