{
    "MSFE": 0.0012975539489792555,
    "RMSE": 0.036021576159008584,
    "MAE": 0.026807205210325705
}