{
    "oos_mse_from_bvd": 0.0020821605398055392,
    "bias_squared": 0.0012913452872429063,
    "variance": 0.000790815252562633,
    "bias_plain": 0.03593529305909312
}