{
    "MSFE": 0.0022922412411178375,
    "RMSE": 0.047877356246119496,
    "MAE": 0.04077005022148827
}