{
    "MSFE": 0.0009822851441155197,
    "RMSE": 0.03134142855894606,
    "MAE": 0.023096857961480532
}