{
    "oos_mse_from_bvd": 0.000996289751211622,
    "bias_squared": 0.00098852105553001,
    "variance": 7.768695681611972e-06,
    "bias_plain": 0.03144075469084688
}