{
    "MSFE": 0.0009837829281864076,
    "RMSE": 0.03136531409353982,
    "MAE": 0.023163725381893884
}