{
    "oos_mse_from_bvd": 0.0009875828861378702,
    "bias_squared": 0.0009866025868974031,
    "variance": 9.80299240466977e-07,
    "bias_plain": 0.03141023060879056
}