{
    "MSFE": 0.0009831042910697575,
    "RMSE": 0.03135449395333558,
    "MAE": 0.023103031918061356
}