{
    "MSFE": 0.0013238058277027852,
    "RMSE": 0.036384142530816704,
    "MAE": 0.027155571141427862
}