{
    "oos_mse_from_bvd": 0.0009880525770626341,
    "bias_squared": 0.0009867702647244874,
    "variance": 1.282312338146934e-06,
    "bias_plain": 0.03141289965483109
}