{
    "MSFE": 0.0012988734252627012,
    "RMSE": 0.03603988658781686,
    "MAE": 0.02673176974247644
}