{
    "MSFE": 0.002101587086578016,
    "RMSE": 0.045843070213261415,
    "MAE": 0.03836695101259498
}