{
    "MSFE": 0.0012886141751037887,
    "RMSE": 0.03589727253014898,
    "MAE": 0.026588293614409002
}