{
    "oos_mse_from_bvd": 0.0009849965892709278,
    "bias_squared": 0.0009679006418988601,
    "variance": 1.709594737206778e-05,
    "bias_plain": 0.031111101586071492
}