{
    "MSFE": 0.0009669935764535119,
    "RMSE": 0.031096520327096276,
    "MAE": 0.02279713465985638
}