{
    "MSFE": 0.0022516253197920294,
    "RMSE": 0.04745129418458499,
    "MAE": 0.0406184410873599
}