{
    "MSFE": 0.0009600852571648921,
    "RMSE": 0.03098524257069633,
    "MAE": 0.022510063690304078
}