{
    "oos_mse_from_bvd": 0.0009876507288461437,
    "bias_squared": 0.0009864531504722713,
    "variance": 1.1975783738720176e-06,
    "bias_plain": 0.031407851732843356
}