{
    "MSFE": 0.0009823126021256963,
    "RMSE": 0.03134186660244881,
    "MAE": 0.023097840274875603
}