{
    "MSFE": 0.0009717355004377994,
    "RMSE": 0.031172672333917722,
    "MAE": 0.024018471859785766
}