{
    "MSFE": 0.001298244717838916,
    "RMSE": 0.036031163148570654,
    "MAE": 0.026730608059843345
}