{
    "MSFE": 0.0013333689344422973,
    "RMSE": 0.03651532465201833,
    "MAE": 0.027344446086291933
}