{
    "oos_mse_from_bvd": 0.0009905032173076877,
    "bias_squared": 0.0009873551380983185,
    "variance": 3.1480792093693964e-06,
    "bias_plain": 0.03142220772158313
}