{
    "MSFE": 0.0010020890106440302,
    "RMSE": 0.03165578952804732,
    "MAE": 0.023885246378486838
}