{
    "oos_mse_from_bvd": 0.0009941719838892707,
    "bias_squared": 0.0009878563763341805,
    "variance": 6.315607555090195e-06,
    "bias_plain": 0.031430182569214905
}