{
    "MSFE": 0.0010189563774630167,
    "RMSE": 0.03192109611938501,
    "MAE": 0.024422635276860886
}