{
    "MSFE": 0.0012952440432564174,
    "RMSE": 0.0359894990692621,
    "MAE": 0.026764008842330073
}