{
    "oos_mse_from_bvd": 0.0010082889247828534,
    "bias_squared": 0.0009984047975868725,
    "variance": 9.884127195980649e-06,
    "bias_plain": 0.03159754417018627
}