{
    "MSFE": 0.001002356231219906,
    "RMSE": 0.031660009968727205,
    "MAE": 0.023887357240747288
}