{
    "MSFE": 0.0013660895510980075,
    "RMSE": 0.036960648683403916,
    "MAE": 0.02823311016745054
}