{
    "MSFE": 0.0009642229310199373,
    "RMSE": 0.03105193924733103,
    "MAE": 0.02277631274470515
}