{
    "MSFE": 0.001023964185038413,
    "RMSE": 0.031999440386331963,
    "MAE": 0.02459783658763706
}