{
    "MSFE": 0.0010602690835357167,
    "RMSE": 0.032561773347526954,
    "MAE": 0.024233189773272795
}