{
    "oos_mse_from_bvd": 0.0009878647737163963,
    "bias_squared": 0.000986522020331251,
    "variance": 1.3427533851453401e-06,
    "bias_plain": 0.031408948093357904
}