{
    "MSFE": 0.0009826920407004576,
    "RMSE": 0.03134791924036518,
    "MAE": 0.023099233618394034
}