{
    "MSFE": 0.004807036470768937,
    "RMSE": 0.0693327950595455,
    "MAE": 0.06235393405452188
}