{
    "oos_mse_from_bvd": 0.10496484282567017,
    "bias_squared": 0.03470573184268274,
    "variance": 0.07025911098298744,
    "bias_plain": 0.1862947445385477
}