{
    "oos_mse_from_bvd": 0.12687889135867325,
    "bias_squared": 0.09652744378392394,
    "variance": 0.030351447574749318,
    "bias_plain": 0.31068866053321603
}