{
    "MSFE": 0.13910732520769095,
    "RMSE": 0.3729709441869312,
    "MAE": 0.2793541047203131
}