{
    "MSFE": 0.000906681682677772,
    "RMSE": 0.03011115545238628,
    "MAE": 0.022596055647479022
}