{
    "MSFE": 0.0009751067207567888,
    "RMSE": 0.031226698845007436,
    "MAE": 0.023361649394158697
}