{
    "MSFE": 0.0009811219111426235,
    "RMSE": 0.03132286562788634,
    "MAE": 0.02368869941100809
}