{
    "MSFE": 0.003435129959494063,
    "RMSE": 0.05860998173941076,
    "MAE": 0.05206222281893114
}