{
    "MSFE": 0.0009346210055261662,
    "RMSE": 0.03057157185239526,
    "MAE": 0.02284120255665275
}