{
    "MSFE": 0.0010666702583071203,
    "RMSE": 0.03265991822260307,
    "MAE": 0.025078830197675157
}