{
    "MSFE": 0.0009847200329432015,
    "RMSE": 0.03138024908988457,
    "MAE": 0.023075555160780848
}