{
    "MSFE": 0.002340068750794707,
    "RMSE": 0.04837425710845291,
    "MAE": 0.04269232182920914
}