{
    "MSFE": 0.0009819436717243102,
    "RMSE": 0.031335980465342236,
    "MAE": 0.023121336304489908
}