{
    "oos_mse_from_bvd": 0.16265275959346318,
    "bias_squared": 0.07228629009685175,
    "variance": 0.0903664694966114,
    "bias_plain": 0.2688610981470762
}