{
    "MSFE": 0.0009084254758454903,
    "RMSE": 0.03014009747571315,
    "MAE": 0.022603404406028305
}