{
    "MSFE": 0.0009723684266816914,
    "RMSE": 0.03118282262210545,
    "MAE": 0.023271196287136815
}