{
    "oos_mse_from_bvd": 0.07371475733010012,
    "bias_squared": 0.05377489874551202,
    "variance": 0.019939858584588105,
    "bias_plain": 0.23189415418572332
}