{
    "MSFE": 0.0009934871676989612,
    "RMSE": 0.03151963146515138,
    "MAE": 0.02346817838850929
}