{
    "MSFE": 0.0013120389926666303,
    "RMSE": 0.03622207880101072,
    "MAE": 0.02693311909240543
}