{
    "MSFE": 0.0009616320802266909,
    "RMSE": 0.031010193166549137,
    "MAE": 0.02274039953435225
}