{
    "MSFE": 0.0013129569200074004,
    "RMSE": 0.03623474741194425,
    "MAE": 0.027100741240237224
}