{
    "MSFE": 0.000993492853559827,
    "RMSE": 0.03151972166057034,
    "MAE": 0.023467954851118876
}