{
    "oos_mse_from_bvd": 0.0010628668670881604,
    "bias_squared": 0.0009867225893201617,
    "variance": 7.614427776799873e-05,
    "bias_plain": 0.03141214079492453
}