{
    "MSFE": 0.0010702924416467236,
    "RMSE": 0.03271532426320613,
    "MAE": 0.024663000834709653
}