{
    "oos_mse_from_bvd": 0.000987672478915536,
    "bias_squared": 0.0009864730827819778,
    "variance": 1.1993961335581292e-06,
    "bias_plain": 0.031408169045361076
}