{
    "MSFE": 0.0012854385670572294,
    "RMSE": 0.035853013360904955,
    "MAE": 0.026567904530560533
}