{
    "oos_mse_from_bvd": 0.0009890994666997186,
    "bias_squared": 0.0009870035698807376,
    "variance": 2.0958968189808013e-06,
    "bias_plain": 0.03141661296003657
}