{
    "MSFE": 0.0009838983164416131,
    "RMSE": 0.03136715346411933,
    "MAE": 0.023101449256990713
}