{
    "oos_mse_from_bvd": 0.0009876494141523246,
    "bias_squared": 0.0009864532907878482,
    "variance": 1.1961233644763327e-06,
    "bias_plain": 0.03140785396660918
}