{
    "MSFE": 0.0009823339621329221,
    "RMSE": 0.03134220735897397,
    "MAE": 0.023097236631418605
}