{
    "MSFE": 0.0009620277145276821,
    "RMSE": 0.031016571611441553,
    "MAE": 0.022682435246871815
}