{
    "MSFE": 0.0009129073289556106,
    "RMSE": 0.030214356338595243,
    "MAE": 0.022526049871952968
}