{
    "oos_mse_from_bvd": 0.0009875416229410525,
    "bias_squared": 0.0009864933309431897,
    "variance": 1.0482919978627207e-06,
    "bias_plain": 0.031408491382796305
}