{
    "MSFE": 0.0009839794015756612,
    "RMSE": 0.03136844595410587,
    "MAE": 0.023147245158669217
}