{
    "MSFE": 0.001583842694040104,
    "RMSE": 0.03979752120471957,
    "MAE": 0.03141085766570192
}