{
    "MSFE": 0.011057966209202512,
    "RMSE": 0.10515686477450016,
    "MAE": 0.09584619755550709
}