{
    "MSFE": 0.0014201240018842688,
    "RMSE": 0.0376845326610835,
    "MAE": 0.028969285010805642
}