{
    "MSFE": 0.0008969906202322272,
    "RMSE": 0.02994980167266934,
    "MAE": 0.022718159729187757
}